{"cameraMode":{"drawMode":0,"name":"Shaded","section":"Shading Mode"},"sceneLighting":false,"audioPlay":false,"sceneViewState":{"showFog":true,"showMaterialUpdate":false,"showSkybox":true,"showFlares":true,"showImageEffects":true,"showParticleSystems":true},"in2DMode":false,"pivot":{"x":3.450000286102295,"y":4.070000171661377,"z":-0.1399998664855957},"rotation":{"x":0.08209658414125443,"y":-0.005384630989283323,"z":-0.0004431180714163929,"w":-0.996613621711731},"size":9.450913429260254,"orthographic":false}