{"cameraMode":{"drawMode":0,"name":"Shaded","section":"Shading Mode"},"sceneLighting":false,"audioPlay":false,"sceneViewState":{"showFog":true,"showMaterialUpdate":false,"showSkybox":true,"showFlares":true,"showImageEffects":true,"showParticleSystems":true},"in2DMode":false,"pivot":{"x":-8.170000076293946,"y":3.9200000762939455,"z":16.459999084472658},"rotation":{"x":-0.08419293910264969,"y":0.020024599507451059,"z":-0.001692304853349924,"w":-0.9962487816810608},"size":27.765148162841798,"orthographic":false}