{"cameraMode":{"drawMode":0,"name":"Shaded","section":"Shading Mode"},"sceneLighting":true,"audioPlay":false,"sceneViewState":{"showFog":true,"showMaterialUpdate":true,"showSkybox":true,"showFlares":true,"showImageEffects":true,"showParticleSystems":true},"in2DMode":false,"pivot":{"x":1.5677695274353028,"y":30.59125328063965,"z":-6.327667236328125},"rotation":{"x":0.18592296540737153,"y":0.0723792165517807,"z":0.03873440623283386,"w":0.9791294932365418},"size":35.75941848754883,"orthographic":false}