{"cameraMode":{"drawMode":0,"name":"Shaded","section":"Shading Mode"},"sceneLighting":true,"audioPlay":false,"sceneViewState":{"showFog":true,"showMaterialUpdate":false,"showSkybox":true,"showFlares":true,"showImageEffects":true,"showParticleSystems":true},"in2DMode":false,"pivot":{"x":-21.934507369995118,"y":3.3133859634399416,"z":-4.006924629211426},"rotation":{"x":-0.2321682721376419,"y":-0.005255053751170635,"z":0.0012543046614155174,"w":-0.9726610779762268},"size":75.03441619873047,"orthographic":false}