{"cameraMode":{"drawMode":0,"name":"Shaded","section":"Shading Mode"},"sceneLighting":true,"audioPlay":false,"sceneViewState":{"showFog":true,"showMaterialUpdate":true,"showSkybox":true,"showFlares":true,"showImageEffects":true,"showParticleSystems":true},"in2DMode":false,"pivot":{"x":-13.981855392456055,"y":21.87098503112793,"z":-50.98002624511719},"rotation":{"x":0.11614253371953964,"y":-0.0005827040295116603,"z":0.000136991249746643,"w":0.9932562708854675},"size":15.859867095947266,"orthographic":false}