{"cameraMode":{"drawMode":0,"name":"Shaded","section":"Shading Mode"},"sceneLighting":false,"audioPlay":false,"sceneViewState":{"showFog":true,"showMaterialUpdate":false,"showSkybox":true,"showFlares":true,"showImageEffects":true,"showParticleSystems":true},"in2DMode":false,"pivot":{"x":3.450000286102295,"y":4.070000171661377,"z":-0.1399998664855957},"rotation":{"x":0.041678544133901599,"y":0.000596931844484061,"z":0.00002501580456737429,"w":-0.9991328120231628},"size":9.450913429260254,"orthographic":false}