{"cameraMode":{"drawMode":0,"name":"Shaded","section":"Shading Mode"},"sceneLighting":true,"audioPlay":false,"sceneViewState":{"showFog":true,"showMaterialUpdate":false,"showSkybox":true,"showFlares":true,"showImageEffects":true,"showParticleSystems":true},"in2DMode":false,"pivot":{"x":-3.700664520263672,"y":4.407187461853027,"z":-0.3529396057128906},"rotation":{"x":0.03166705369949341,"y":-0.012121378444135189,"z":0.00039304266101680696,"w":0.9994255304336548},"size":14.29069995880127,"orthographic":false}