{"cameraMode":{"drawMode":0,"name":"Shaded","section":"Shading Mode"},"sceneLighting":false,"audioPlay":false,"sceneViewState":{"showFog":true,"showMaterialUpdate":true,"showSkybox":true,"showFlares":true,"showImageEffects":true,"showParticleSystems":true},"in2DMode":false,"pivot":{"x":1.5500001907348633,"y":4.489999771118164,"z":16.459999084472658},"rotation":{"x":0.19829708337783814,"y":0.010009190067648888,"z":-0.0020338883623480798,"w":0.9800887703895569},"size":32.519935607910159,"orthographic":false}